time,incomingDataRate
0.1,2247040.0
0.2,6714240.0
0.3,6283840.0
0.4,6283840.0
0.5,7058560.0
0.6,7058560.0
0.7,7144640.0
0.8,7058560.0
0.9,7144640.0
1.0,7058560.0
1.1,7058560.0
1.2,7144640.0
1.3,7058560.0
1.4,7144640.0
1.5,7144640.0
1.6,7833280.0
1.7,7833280.0
1.8,7833280.0
1.9,7919360.0
2.0,7919360.0
2.1,7919360.0
2.2,7919360.0
2.3,7833280.0
2.4,7833280.0
2.5,7919360.0
2.6,7919360.0
2.699699154524,8720314.6721842
2.798788118972,8687142.9608262
2.89787708342,8687142.9608262
2.996966047868,8687142.9608262
3.096055012316,8687142.9608262
3.195432268899,8661941.6715439
3.29521216857,8626988.0290347
3.39445296415,8673852.2698167
3.493693795653,8673849.1300728
3.592832898444,8682749.5485277
3.691972017276,8682748.1436334
3.782746563452,9482834.5198336
3.873633936986,9471062.5527977
3.964812474076,9440818.2832581
4.055587020252,9482834.5198336
4.146474393786,9471062.5527977
4.234202439516,9812141.5202759
4.320842439516,9935364.7276085
4.406616039516,10035721.947079
4.493256039516,9935364.7276085
4.582786841601,9614568.1704355
4.67359949235,9478855.5658307
4.763884810416,9534219.0562007
4.850664456798,9919376.6728525
4.937304456798,9935364.7276085
5.023944456798,9935364.7276085
5.109718056798,10035721.947079
5.196358056798,9935364.7276085
5.282998056798,9935364.7276085
5.369638056798,9935364.7276085
5.460995180661,9422363.1787146
5.56009640048,8686068.663657
5.659191955045,8686565.2427968
5.753712186686,9107044.9686309
5.844486732862,9482834.5198336
5.93577809731,9429150.3386426
6.026552643486,9482834.5198336
6.117327189662,9482834.5198336
6.20861855411,9429150.3386426
6.299393100286,9482834.5198336
6.390167646462,9482834.5198336
6.48145901091,9429150.3386426
6.572233557086,9482834.5198336
6.663008103262,9482834.5198336
6.75429946771,9429150.3386426
6.842140340798,9799538.2985053
6.928780340798,9935364.7276085
7.015420340798,9935364.7276085
7.102060340798,9935364.7276085
7.188700340798,9935364.7276085
7.275340340798,9935364.7276085
7.361980340798,9935364.7276085
7.448620340798,9935364.7276085
7.535260340798,9935364.7276085
7.621900340798,9935364.7276085
7.708540340798,9935364.7276085
7.795180340798,9935364.7276085
7.881820340798,9935364.7276085
7.967593940798,10035721.947079
8.054233940798,9935364.7276085
8.140873940798,9935364.7276085
8.227513940798,9935364.7276085
8.314153940798,9935364.7276085
8.400793940798,9935364.7276085
8.487433940798,9935364.7276085
8.574073940798,9935364.7276085
8.660713940798,9935364.7276085
8.747353940798,9935364.7276085
8.833993940798,9935364.7276085
8.920633940798,9935364.7276085
9.007273940798,9935364.7276085
9.093913940798,9935364.7276085
9.183494446071,9609233.5868912
9.274316562182,9477867.6919172
9.364519887966,9542885.3927322
9.451365955226,9911790.2186973
9.538005955226,9935364.7276085
9.624645955226,9935364.7276085
9.710419555226,10035721.947079
9.797059555226,9935364.7276085
9.883699555226,9935364.7276085
9.970339555226,9935364.7276085
10.061657983644,9426355.8288562
10.16195097449,8582853.0263073
10.261083797179,8683299.6040121
10.354413685114,9223197.6170325
10.445705049562,9429150.3386426
10.536479595738,9482834.5198336
10.627254141914,9482834.5198336
10.718545506362,9429150.3386426
10.809320052538,9482834.5198336
10.900094598714,9482834.5198336
10.991385963162,9429150.3386426
11.082160509338,9482834.5198336
11.172935055514,9482834.5198336
11.264226419962,9429150.3386426
11.355000966138,9482834.5198336
11.442841839226,9799538.2985053
11.529481839226,9935364.7276085
11.616121839226,9935364.7276085
11.702761839226,9935364.7276085
11.789401839226,9935364.7276085
11.876041839226,9935364.7276085
11.962681839226,9935364.7276085
12.049321839226,9935364.7276085
12.135961839226,9935364.7276085
12.222601839226,9935364.7276085
12.309241839226,9935364.7276085
12.395881839226,9935364.7276085
12.482521839226,9935364.7276085
12.568295439226,10035721.947079
12.654935439226,9935364.7276085
12.741575439226,9935364.7276085
12.828215439226,9935364.7276085
12.914855439226,9935364.7276085
13.001495439226,9935364.7276085
13.088135439226,9935364.7276085
13.174775439226,9935364.7276085
13.261415439226,9935364.7276085
13.348055439226,9935364.7276085
13.434695439226,9935364.7276085
13.521335439226,9935364.7276085
13.607975439226,9935364.7276085
13.694615439226,9935364.7276085
13.784174487913,9611535.7701979
13.874974571789,9480167.4542013
13.965303479413,9529618.1769754
14.052021445771,9926432.043463
14.138661445771,9935364.7276085
14.225301445771,9935364.7276085
14.311075045771,10035721.947079
14.397715045771,9935364.7276085
14.484355045771,9935364.7276085
14.570995045771,9935364.7276085
14.663566626643,9298750.1335884
14.762694443056,8683738.1387845
14.86181326964,8684525.7320566
14.955069175659,9230514.5780753
15.046360540107,9429150.3386426
15.137135086283,9482834.5198336
15.227909632459,9482834.5198336
15.319200996907,9429150.3386426
15.409975543083,9482834.5198336
15.500750089259,9482834.5198336
15.592041453707,9429150.3386426
15.682815999883,9482834.5198336
15.773590546059,9482834.5198336
15.864881910507,9429150.3386426
15.955656456683,9482834.5198336
16.043497329771,9799538.2985053
16.130137329771,9935364.7276085
16.216777329771,9935364.7276085
16.303417329771,9935364.7276085
16.390057329771,9935364.7276085
16.476697329771,9935364.7276085
16.563337329771,9935364.7276085
16.649977329771,9935364.7276085
16.736617329771,9935364.7276085
16.823257329771,9935364.7276085
16.909897329771,9935364.7276085
16.996537329771,9935364.7276085
17.083177329771,9935364.7276085
17.168950929771,10035721.947079
17.255590929771,9935364.7276085
17.342230929771,9935364.7276085
17.428870929771,9935364.7276085
17.515510929771,9935364.7276085
17.602150929771,9935364.7276085
17.688790929771,9935364.7276085
17.775430929771,9935364.7276085
17.862070929771,9935364.7276085
17.948710929771,9935364.7276085
18.035350929771,9935364.7276085
18.121990929771,9935364.7276085
18.208630929771,9935364.7276085
18.295270929771,9935364.7276085
18.384907225449,9603252.7168709
18.476022298639,9447394.0464822
18.566031417987,9563475.4148845
18.652715788072,9930279.2320683
18.739355788072,9935364.7276085
18.825995788072,9935364.7276085
18.911769388072,10035721.947079
18.998409388072,9935364.7276085
19.085049388072,9935364.7276085
19.171689388072,9935364.7276085
19.260062188072,9740553.6545181
19.359205241256,8682403.58104
19.458337400015,8683357.7597426
19.554729881416,8930157.0774904
19.645504427592,9482834.5198336
19.736278973768,9482834.5198336
19.827570338216,9429150.3386426
19.918344884392,9482834.5198336
20.009119430568,9482834.5198336
20.100410795016,9429150.3386426
20.191185341192,9482834.5198336
20.281959887368,9482834.5198336
20.373251251816,9429150.3386426
20.464025797992,9482834.5198336
20.554800344168,9482834.5198336
20.644191672072,9629569.4468756
20.730831672072,9935364.7276085
20.817471672072,9935364.7276085
20.904111672072,9935364.7276085
20.990751672072,9935364.7276085
21.077391672072,9935364.7276085
21.164031672072,9935364.7276085
21.250671672072,9935364.7276085
21.337311672072,9935364.7276085
21.423951672072,9935364.7276085
21.510591672072,9935364.7276085
21.597231672072,9935364.7276085
21.683871672072,9935364.7276085
21.769645272072,10035721.947079
21.856285272072,9935364.7276085
21.942925272072,9935364.7276085
22.029565272072,9935364.7276085
22.116205272072,9935364.7276085
22.202845272072,9935364.7276085
22.289485272072,9935364.7276085
22.376125272072,9935364.7276085
22.462765272072,9935364.7276085
22.549405272072,9935364.7276085
22.636045272072,9935364.7276085
22.722685272072,9935364.7276085
22.809325272072,9935364.7276085
22.895965272072,9935364.7276085
22.9826116722,9934630.8528498
23.075241344969,9292918.5029798
23.16608414515,9475709.6686242
23.253410638471,9857260.5776785
23.340050638471,9935364.7276085
23.426690638471,9935364.7276085
23.512464238471,10035721.947079
23.599104238471,9935364.7276085
23.685744238471,9935364.7276085
23.772384238471,9935364.7276085
23.860853439936,9729939.7501689
23.959975706093,8684224.3763533
24.059089676203,8684951.2641321
24.155424731815,8935480.3869836
24.246199277991,9482834.5198336
24.336973824167,9482834.5198336
24.428265188615,9429150.3386426
24.519039734791,9482834.5198336
24.609814280967,9482834.5198336
24.701105645415,9429150.3386426
24.791880191591,9482834.5198336
24.882654737767,9482834.5198336
24.973946102215,9429150.3386426
25.064720648391,9482834.5198336
25.155495194567,9482834.5198336
25.244886522471,9629569.4468756
25.331526522471,9935364.7276085
25.418166522471,9935364.7276085
25.504806522471,9935364.7276085
25.591446522471,9935364.7276085
25.678086522471,9935364.7276085
25.764726522471,9935364.7276085
25.851366522471,9935364.7276085
25.938006522471,9935364.7276085
26.024646522471,9935364.7276085
26.111286522471,9935364.7276085
26.197926522471,9935364.7276085
26.284566522471,9935364.7276085
26.370340122471,10035721.947079
26.456980122471,9935364.7276085
26.543620122471,9935364.7276085
26.630260122471,9935364.7276085
26.716900122471,9935364.7276085
26.803540122471,9935364.7276085
26.890180122471,9935364.7276085
26.976820122471,9935364.7276085
27.063460122471,9935364.7276085
27.150100122471,9935364.7276085
27.236740122471,9935364.7276085
27.323380122471,9935364.7276085
27.410020122471,9935364.7276085
27.496660122471,9935364.7276085
27.585078909839,9735487.5092025
27.675981537303,9469473.259625
27.766803653382,9477867.6952566
27.8541121368,9859293.923121
27.9407521368,9935364.7276085
28.0273921368,9935364.7276085
28.1131657368,10035721.947079
28.1998057368,9935364.7276085
28.2864457368,9935364.7276085
28.3730857368,9935364.7276085
28.461581895761,9726975.8383452
28.560683055868,8686073.8973246
28.659778558184,8686569.8228669
28.756126230144,8934310.3210358
28.84690077632,9482834.5198336
28.938192140768,9429150.3386426
29.028966686944,9482834.5198336
29.11974123312,9482834.5198336
29.211032597568,9429150.3386426
29.301807143744,9482834.5198336
29.39258168992,9482834.5198336
29.483873054368,9429150.3386426
29.574647600544,9482834.5198336
29.66542214672,9482834.5198336
29.756713511168,9429150.3386426
29.8455880208,9685566.801598
29.9322280208,9935364.7276085
30.0188680208,9935364.7276085
30.1055080208,9935364.7276085
30.1921480208,9935364.7276085
30.2787880208,9935364.7276085
30.3654280208,9935364.7276085
30.4520680208,9935364.7276085
30.5387080208,9935364.7276085
30.6253480208,9935364.7276085
30.7119880208,9935364.7276085
30.7986280208,9935364.7276085
30.8852680208,9935364.7276085
30.9710416208,10035721.947079
31.0576816208,9935364.7276085
31.1443216208,9935364.7276085
31.2309616208,9935364.7276085
31.3176016208,9935364.7276085
31.4042416208,9935364.7276085
31.4908816208,9935364.7276085
31.5775216208,9935364.7276085
31.6641616208,9935364.7276085
31.7508016208,9935364.7276085
31.8374416208,9935364.7276085
31.9240816208,9935364.7276085
32.0107216208,9935364.7276085
32.0973616208,9935364.7276085
32.185861728594,9726541.8252785
32.276703337048,9475833.9779495
32.367514643462,9478995.8870947
32.454813635229,9860365.8825461
32.541453635229,9935364.7276085
32.628093635229,9935364.7276085
32.713867235229,10035721.947079
32.800507235229,9935364.7276085
32.887147235229,9935364.7276085
32.973787235229,9935364.7276085
33.062301415307,9724995.4667314
33.161401364247,8686180.0556645
33.260505276489,8685832.6833559
33.356827728573,8936649.5700226
33.447602274749,9482834.5198336
33.538893639197,9429150.3386426
33.629668185373,9482834.5198336
33.720442731549,9482834.5198336
33.811734095997,9429150.3386426
33.902508642173,9482834.5198336
33.993283188349,9482834.5198336
34.084574552797,9429150.3386426
34.175349098973,9482834.5198336
34.266123645149,9482834.5198336
34.357415009597,9429150.3386426
34.446289519229,9685566.801598
34.532929519229,9935364.7276085
34.619569519229,9935364.7276085
34.706209519229,9935364.7276085
34.792849519229,9935364.7276085
34.879489519229,9935364.7276085
34.966129519229,9935364.7276085
35.052769519229,9935364.7276085
35.139409519229,9935364.7276085
35.226049519229,9935364.7276085
35.312689519229,9935364.7276085
35.399329519229,9935364.7276085
35.485969519229,9935364.7276085
35.571743119229,10035721.947079
35.658383119229,9935364.7276085
35.745023119229,9935364.7276085
35.831663119229,9935364.7276085
35.918303119229,9935364.7276085
36.004943119229,9935364.7276085
36.091583119229,9935364.7276085
36.178223119229,9935364.7276085
36.264863119229,9935364.7276085
36.351503119229,9935364.7276085
36.438143119229,9935364.7276085
36.524783119229,9935364.7276085
36.611423119229,9935364.7276085
36.698063119229,9935364.7276085
36.786610206648,9721381.3022075
36.877427702118,9478349.9098403
36.96855591854,9446031.4686044
37.055511666738,9899288.0613245
37.142151666738,9935364.7276085
37.228791666738,9935364.7276085
37.314565266738,10035721.947079
37.401205266738,9935364.7276085
37.487845266738,9935364.7276085
37.574485266738,9935364.7276085
37.663000958719,9724829.3577682
37.762089923167,8687142.9608262
37.861178887615,8687142.9608262
37.957525760082,8934384.4585597
38.04881712453,9429150.3386426
38.139591670706,9482834.5198336
38.230366216882,9482834.5198336
38.32165758133,9429150.3386426
38.412432127506,9482834.5198336
38.503206673682,9482834.5198336
38.59449803813,9429150.3386426
38.685272584306,9482834.5198336
38.776047130482,9482834.5198336
38.86733849493,9429150.3386426
38.958113041106,9482834.5198336
39.046987550738,9685566.801598
39.133627550738,9935364.7276085
39.220267550738,9935364.7276085
39.306907550738,9935364.7276085
39.393547550738,9935364.7276085
39.480187550738,9935364.7276085
39.566827550738,9935364.7276085
39.653467550738,9935364.7276085
39.740107550738,9935364.7276085
39.826747550738,9935364.7276085
39.913387550738,9935364.7276085
40.000027550738,9935364.7276085
40.086667550738,9935364.7276085
40.172441150738,10035721.947079
40.259081150738,9935364.7276085
40.345721150738,9935364.7276085
40.432361150738,9935364.7276085
40.519001150738,9935364.7276085
40.605641150738,9935364.7276085
40.692281150738,9935364.7276085
40.778921150738,9935364.7276085
40.865561150738,9935364.7276085
40.952201150738,9935364.7276085
41.038841150738,9935364.7276085
41.125481150738,9935364.7276085
41.212121150738,9935364.7276085
41.298761150738,9935364.7276085
41.387325922736,9719440.1405949
41.478134407408,9479290.4331485
41.569330806098,9438969.2176999
41.656199069904,9909257.5617995
41.742839069904,9935364.7276085
41.829479069904,9935364.7276085
41.915252669904,10035721.947079
42.001892669904,9935364.7276085
42.088532669904,9935364.7276085
42.175172669904,9935364.7276085
42.260946269904,10035721.947079
42.358687380134,8806939.0451408
42.457790980971,8685859.9761253
42.556013545419,8763770.3702566
42.64795407288,9362574.0875278
42.738728619056,9482834.5198336
42.829503165232,9482834.5198336
42.92079452968,9429150.3386426
43.011569075856,9482834.5198336
43.102343622032,9482834.5198336
43.19363498648,9429150.3386426
43.284409532656,9482834.5198336
43.375184078832,9482834.5198336
43.46647544328,9429150.3386426
43.557249989456,9482834.5198336
43.647158135632,9574215.8704389
43.734314953904,9876450.4839266
43.820954953904,9935364.7276085
43.907594953904,9935364.7276085
43.994234953904,9935364.7276085
44.080874953904,9935364.7276085
44.167514953904,9935364.7276085
44.254154953904,9935364.7276085
44.340794953904,9935364.7276085
44.427434953904,9935364.7276085
44.514074953904,9935364.7276085
44.600714953904,9935364.7276085
44.687354953904,9935364.7276085
44.773128553904,10035721.947079
44.859768553904,9935364.7276085
44.946408553904,9935364.7276085
45.033048553904,9935364.7276085
45.119688553904,9935364.7276085
45.206328553904,9935364.7276085
45.292968553904,9935364.7276085
45.379608553904,9935364.7276085
45.466248553904,9935364.7276085
45.552888553904,9935364.7276085
45.639528553904,9935364.7276085
45.726168553904,9935364.7276085
45.812808553904,9935364.7276085
45.899448553904,9935364.7276085
45.985315926956,10024762.251417
46.077608788269,9326831.8671008
46.168512972329,9469311.1092867
46.256893920303,9739655.6580637
46.343533920303,9935364.7276085
46.430173920303,9935364.7276085
46.515947520303,10035721.947079
46.602587520303,9935364.7276085
46.689227520303,9935364.7276085
46.775867520303,9935364.7276085
46.861641120303,10035721.947079
46.959416362647,8803864.652889
47.059651812655,8587780.0711355
47.157874377103,8763770.3702566
47.248648923279,9482834.5198336
47.339423469455,9482834.5198336
47.430714833903,9429150.3386426
47.521489380079,9482834.5198336
47.612263926255,9482834.5198336
47.703555290703,9429150.3386426
47.794329836879,9482834.5198336
47.885104383055,9482834.5198336
47.976395747503,9429150.3386426
48.067170293679,9482834.5198336
48.157944839855,9482834.5198336
48.247852986031,9574215.8704389
48.335009804303,9876450.4839266
48.421649804303,9935364.7276085
48.508289804303,9935364.7276085
48.594929804303,9935364.7276085
48.681569804303,9935364.7276085
48.768209804303,9935364.7276085
48.854849804303,9935364.7276085
48.941489804303,9935364.7276085
49.028129804303,9935364.7276085
49.114769804303,9935364.7276085
49.201409804303,9935364.7276085
49.288049804303,9935364.7276085
49.373823404303,10035721.947079
49.460463404303,9935364.7276085
49.547103404303,9935364.7276085
49.633743404303,9935364.7276085
49.720383404303,9935364.7276085
49.807023404303,9935364.7276085
49.893663404303,9935364.7276085
49.980303404303,9935364.7276085
50.066943404303,9935364.7276085
50.153583404303,9935364.7276085
50.240223404303,9935364.7276085
50.326863404303,9935364.7276085
50.413503404303,9935364.7276085
50.500143404303,9935364.7276085
50.585917004303,10035721.947079
50.678384418944,9309225.3454042
50.76922602506,9475834.2218301
50.857595413195,9740929.728799
50.944235413195,9935364.7276085
51.030875413195,9935364.7276085
51.116649013195,10035721.947079
51.203289013195,9935364.7276085
51.289929013195,9935364.7276085
51.376569013195,9935364.7276085
51.462342613195,10035721.947079
51.561317959658,8697115.2995336
51.660449707012,8683393.7963998
51.758575869995,8772380.1056924
51.849350416171,9482834.5198336
51.940124962347,9482834.5198336
52.031416326795,9429150.3386426
52.122190872971,9482834.5198336
52.212965419147,9482834.5198336
52.304256783595,9429150.3386426
52.395031329771,9482834.5198336
52.485805875947,9482834.5198336
52.577097240395,9429150.3386426
52.667871786571,9482834.5198336
52.758646332747,9482834.5198336
52.849071297195,9519495.0338633
52.935711297195,9935364.7276085
53.022351297195,9935364.7276085
53.108991297195,9935364.7276085
53.195631297195,9935364.7276085
53.282271297195,9935364.7276085
53.368911297195,9935364.7276085
53.455551297195,9935364.7276085
53.542191297195,9935364.7276085
53.628831297195,9935364.7276085
53.715471297195,9935364.7276085
53.802111297195,9935364.7276085
53.888751297195,9935364.7276085
53.974524897195,10035721.947079
54.061164897195,9935364.7276085
54.147804897195,9935364.7276085
54.234444897195,9935364.7276085
54.321084897195,9935364.7276085
54.407724897195,9935364.7276085
54.494364897195,9935364.7276085
54.581004897195,9935364.7276085
54.667644897195,9935364.7276085
54.754284897195,9935364.7276085
54.840924897195,9935364.7276085
54.927564897195,9935364.7276085
55.014204897195,9935364.7276085
55.100844897195,9935364.7276085
55.186618497195,10035721.947079
55.279132675557,9304519.7529806
55.369954791668,9477867.6919172
55.458296911624,9743936.419329
55.544936911624,9935364.7276085
55.631576911624,9935364.7276085
55.717350511624,10035721.947079
55.803990511624,9935364.7276085
55.890630511624,9935364.7276085
55.977270511624,9935364.7276085
56.063044111624,10035721.947079
56.16207011006,8692666.7097058
56.261177627954,8685516.6822023
56.359277368424,8774742.8879615
56.4500519146,9482834.5198336
56.541343279048,9429150.3386426
56.632117825224,9482834.5198336
56.7228923714,9482834.5198336
56.814183735848,9429150.3386426
56.904958282024,9482834.5198336
56.9957328282,9482834.5198336
57.087024192648,9429150.3386426
57.177798738824,9482834.5198336
57.268573285,9482834.5198336
57.359864649448,9429150.3386426
57.449772795624,9574215.8704389
57.536412795624,9935364.7276085
57.623052795624,9935364.7276085
57.709692795624,9935364.7276085
57.796332795624,9935364.7276085
57.882972795624,9935364.7276085
57.969612795624,9935364.7276085
58.056252795624,9935364.7276085
58.142892795624,9935364.7276085
58.229532795624,9935364.7276085
58.316172795624,9935364.7276085
58.402812795624,9935364.7276085
58.489452795624,9935364.7276085
58.575226395624,10035721.947079
58.661866395624,9935364.7276085
58.748506395624,9935364.7276085
58.835146395624,9935364.7276085
58.921786395624,9935364.7276085
59.008426395624,9935364.7276085
59.095066395624,9935364.7276085
59.181706395624,9935364.7276085
59.268346395624,9935364.7276085
59.354986395624,9935364.7276085
59.441626395624,9935364.7276085
59.528266395624,9935364.7276085
59.614906395624,9935364.7276085
59.701546395624,9935364.7276085
59.787319995624,10035721.947079
59.879852064208,9302720.8099057
59.970660546094,9479290.7239727
60.058994929289,9744789.8413437
60.145634929289,9935364.7276085
60.232274929289,9935364.7276085
60.318048529289,10035721.947079
60.404688529289,9935364.7276085
60.491328529289,9935364.7276085
60.577968529289,9935364.7276085
60.663742129289,10035721.947079
60.76279878227,8689976.6355432
60.861894201722,8686577.0866125
60.959975386089,8776402.9926378
61.050749932265,9482834.5198336
61.142041296713,9429150.3386426
61.232815842889,9482834.5198336
61.323590389065,9482834.5198336
61.414881753513,9429150.3386426
61.505656299689,9482834.5198336
61.596430845865,9482834.5198336
61.687722210313,9429150.3386426
61.778496756489,9482834.5198336
61.869271302665,9482834.5198336
61.960562667113,9429150.3386426
62.050470813289,9574215.8704389
62.137110813289,9935364.7276085
62.223750813289,9935364.7276085
62.310390813289,9935364.7276085
62.397030813289,9935364.7276085
62.483670813289,9935364.7276085
62.570310813289,9935364.7276085
62.656950813289,9935364.7276085
62.743590813289,9935364.7276085
62.830230813289,9935364.7276085
62.916870813289,9935364.7276085
63.003510813289,9935364.7276085
63.090150813289,9935364.7276085
63.175924413289,10035721.947079
63.262564413289,9935364.7276085
63.349204413289,9935364.7276085
63.435844413289,9935364.7276085
63.522484413289,9935364.7276085
63.609124413289,9935364.7276085
63.695764413289,9935364.7276085
63.782404413289,9935364.7276085
63.869044413289,9935364.7276085
63.955684413289,9935364.7276085
64.042324413289,9935364.7276085
64.128964413289,9935364.7276085
64.215604413289,9935364.7276085
64.302244413289,9935364.7276085
64.388018013289,10035721.947079
64.480575359908,9300180.1741721
64.571703576105,9446031.4919271
64.659682332455,9784180.132935
64.746322332455,9935364.7276085
64.832962332455,9935364.7276085
64.918735932455,10035721.947079
65.005375932455,9935364.7276085
65.092015932455,9935364.7276085
65.178655932455,9935364.7276085
65.265295932455,9935364.7276085
65.359357870923,9151416.7581486
65.458464857601,8685563.2367953
65.557565458167,8686122.940564
65.650403698887,9272041.2765702
65.741178245063,9482834.5198336
65.831952791239,9482834.5198336
65.923244155687,9429150.3386426
66.014018701863,9482834.5198336
66.104793248039,9482834.5198336
66.196084612487,9429150.3386426
66.286859158663,9482834.5198336
66.377633704839,9482834.5198336
66.468925069287,9429150.3386426
66.559699615463,9482834.5198336
66.650474161639,9482834.5198336
66.737798216455,9857535.8395094
66.824438216455,9935364.7276085
66.911078216455,9935364.7276085
66.997718216455,9935364.7276085
67.084358216455,9935364.7276085
67.170998216455,9935364.7276085
67.257638216455,9935364.7276085
67.344278216455,9935364.7276085
67.430918216455,9935364.7276085
67.517558216455,9935364.7276085
67.604198216455,9935364.7276085
67.690838216455,9935364.7276085
67.777478216455,9935364.7276085
67.863251816455,10035721.947079
67.949891816455,9935364.7276085
68.036531816455,9935364.7276085
68.123171816455,9935364.7276085
68.209811816455,9935364.7276085
68.296451816455,9935364.7276085
68.383091816455,9935364.7276085
68.469731816455,9935364.7276085
68.556371816455,9935364.7276085
68.643011816455,9935364.7276085
68.729651816455,9935364.7276085
68.816291816455,9935364.7276085
68.902931816455,9935364.7276085
68.989571816455,9935364.7276085
69.079713833221,9549375.8724586
69.17091516244,9438458.9278625
69.260377182854,9621960.2018433
69.347017182854,9935364.7276085
69.433657182854,9935364.7276085
69.520297182854,9935364.7276085
69.606070782854,10035721.947079
69.692710782854,9935364.7276085
69.779350782854,9935364.7276085
69.865990782854,9935364.7276085
69.960080302292,9148734.1538313
70.05918457328,8685801.2416461
70.158292267314,8685501.2457932
70.251098549286,9275234.1943804
70.341873095462,9482834.5198336
70.432647641638,9482834.5198336
70.523939006086,9429150.3386426
70.614713552262,9482834.5198336
70.705488098438,9482834.5198336
70.796779462886,9429150.3386426
70.887554009062,9482834.5198336
70.978328555238,9482834.5198336
71.069619919686,9429150.3386426
71.160394465862,9482834.5198336
71.251169012038,9482834.5198336
71.338493066854,9857535.8395094
71.425133066854,9935364.7276085
71.511773066854,9935364.7276085
71.598413066854,9935364.7276085
71.685053066854,9935364.7276085
71.771693066854,9935364.7276085
71.858333066854,9935364.7276085
71.944973066854,9935364.7276085
72.031613066854,9935364.7276085
72.118253066854,9935364.7276085
72.204893066854,9935364.7276085
72.291533066854,9935364.7276085
72.378173066854,9935364.7276085
72.463946666854,10035721.947079
72.550586666854,9935364.7276085
72.637226666854,9935364.7276085
72.723866666854,9935364.7276085
72.810506666854,9935364.7276085
72.897146666854,9935364.7276085
72.983786666854,9935364.7276085
73.070426666854,9935364.7276085
73.157066666854,9935364.7276085
73.243706666854,9935364.7276085
73.330346666854,9935364.7276085
73.416986666854,9935364.7276085
73.503626666854,9935364.7276085
73.590266666854,9935364.7276085
73.680752669406,9513073.5773781
73.771655129136,9469490.7327784
73.861078377119,9626132.1235351
73.947718377119,9935364.7276085
74.034358377119,9935364.7276085
74.120998377119,9935364.7276085
74.206771977119,10035721.947079
74.293411977119,9935364.7276085
74.380051977119,9935364.7276085
74.466691977119,9935364.7276085
74.560815537526,9145425.3991011
74.659916757345,8686068.663657
74.75901231191,8686565.2427968
74.851799743551,9277118.5146118
74.942574289727,9482834.5198336
75.033865654175,9429150.3386426
75.124640200351,9482834.5198336
75.215414746527,9482834.5198336
75.306706110975,9429150.3386426
75.397480657151,9482834.5198336
75.488255203327,9482834.5198336
75.579546567775,9429150.3386426
75.670321113951,9482834.5198336
75.761095660127,9482834.5198336
75.852387024575,9429150.3386426
75.939194261119,9916223.9724529
76.025834261119,9935364.7276085
76.112474261119,9935364.7276085
76.199114261119,9935364.7276085
76.285754261119,9935364.7276085
76.372394261119,9935364.7276085
76.459034261119,9935364.7276085
76.545674261119,9935364.7276085
76.632314261119,9935364.7276085
76.718954261119,9935364.7276085
76.805594261119,9935364.7276085
76.892234261119,9935364.7276085
76.978874261119,9935364.7276085
77.064647861119,10035721.947079
77.151287861119,9935364.7276085
77.237927861119,9935364.7276085
77.324567861119,9935364.7276085
77.411207861119,9935364.7276085
77.497847861119,9935364.7276085
77.584487861119,9935364.7276085
77.671127861119,9935364.7276085
77.757767861119,9935364.7276085
77.844407861119,9935364.7276085
77.931047861119,9935364.7276085
78.017687861119,9935364.7276085
78.104327861119,9935364.7276085
78.190967861119,9935364.7276085
78.281535242001,9504525.709113
78.372376850455,9475833.9779495
78.461779875548,9628309.546624
78.548419875548,9935364.7276085
78.635059875548,9935364.7276085
78.721699875548,9935364.7276085
78.807473475548,10035721.947079
78.894113475548,9935364.7276085
78.980753475548,9935364.7276085
79.067393475548,9935364.7276085
79.161478998726,9149122.7441171
79.261771331356,8582909.355351
79.360904265694,8683289.8243993
79.45250124198,9397690.1302098
79.543275788156,9482834.5198336
79.634567152604,9429150.3386426
79.72534169878,9482834.5198336
79.816116244956,9482834.5198336
79.907407609404,9429150.3386426
79.99818215558,9482834.5198336
80.088956701756,9482834.5198336
80.180248066204,9429150.3386426
80.27102261238,9482834.5198336
80.361797158556,9482834.5198336
80.453088523004,9429150.3386426
80.539895759548,9916223.9724529
80.626535759548,9935364.7276085
80.713175759548,9935364.7276085
80.799815759548,9935364.7276085
80.886455759548,9935364.7276085
80.973095759548,9935364.7276085
81.059735759548,9935364.7276085
81.146375759548,9935364.7276085
81.233015759548,9935364.7276085
81.319655759548,9935364.7276085
81.406295759548,9935364.7276085
81.492935759548,9935364.7276085
81.579575759548,9935364.7276085
81.665349359548,10035721.947079
81.751989359548,9935364.7276085
81.838629359548,9935364.7276085
81.925269359548,9935364.7276085
82.011909359548,9935364.7276085
82.098549359548,9935364.7276085
82.185189359548,9935364.7276085
82.271829359548,9935364.7276085
82.358469359548,9935364.7276085
82.445109359548,9935364.7276085
82.531749359548,9935364.7276085
82.618389359548,9935364.7276085
82.705029359548,9935364.7276085
82.791669359548,9935364.7276085
82.882279460553,9500044.5916344
82.973095099934,9478543.6282475
83.062472167064,9631105.9161066
83.149112167064,9935364.7276085
83.235752167064,9935364.7276085
83.322392167064,9935364.7276085
83.408165767064,10035721.947079
83.494805767064,9935364.7276085
83.581445767064,9935364.7276085
83.668085767064,9935364.7276085
83.763418645729,9029413.6928861
83.862541965736,8684132.0482326
83.961656857965,8684870.4633726
84.053193533496,9403880.9581683
84.144484897944,9429150.3386426
84.23525944412,9482834.5198336
84.326033990296,9482834.5198336
84.417325354744,9429150.3386426
84.50809990092,9482834.5198336
84.598874447096,9482834.5198336
84.690165811544,9429150.3386426
84.78094035772,9482834.5198336
84.871714903896,9482834.5198336
84.963006268344,9429150.3386426
85.05378081452,9482834.5198336
85.140588051064,9916223.9724529
85.227228051064,9935364.7276085
85.313868051064,9935364.7276085
85.400508051064,9935364.7276085
85.487148051064,9935364.7276085
85.573788051064,9935364.7276085
85.660428051064,9935364.7276085
85.747068051064,9935364.7276085
85.833708051064,9935364.7276085
85.920348051064,9935364.7276085
86.006988051064,9935364.7276085
86.093628051064,9935364.7276085
86.180268051064,9935364.7276085
86.266041651064,10035721.947079
86.352681651064,9935364.7276085
86.439321651064,9935364.7276085
86.525961651064,9935364.7276085
86.612601651064,9935364.7276085
86.699241651064,9935364.7276085
86.785881651064,9935364.7276085
86.872521651064,9935364.7276085
86.959161651064,9935364.7276085
87.045801651064,9935364.7276085
87.132441651064,9935364.7276085
87.219081651064,9935364.7276085
87.305721651064,9935364.7276085
87.392361651064,9935364.7276085
87.48299369615,9497744.4146074
87.573802180822,9479290.4331485
87.66315957023,9633226.8176462
87.74979957023,9935364.7276085
87.83643957023,9935364.7276085
87.92307957023,9935364.7276085
88.00885317023,10035721.947079
88.09549317023,9935364.7276085
88.18213317023,9935364.7276085
88.26877317023,9935364.7276085
88.359912406774,9444889.2995107
88.459055459958,8682403.58104
88.558187618717,8683357.7597426
88.652330481846,9143550.2531985
88.743621846294,9429150.3386426
88.83439639247,9482834.5198336
88.925170938646,9482834.5198336
89.016462303094,9429150.3386426
89.10723684927,9482834.5198336
89.198011395446,9482834.5198336
89.289302759894,9429150.3386426
89.38007730607,9482834.5198336
89.470851852246,9482834.5198336
89.562143216694,9429150.3386426
89.65291776287,9482834.5198336
89.74127545423,9742219.2312925
89.82791545423,9935364.7276085
89.91455545423,9935364.7276085
90.00119545423,9935364.7276085
90.08783545423,9935364.7276085
90.17447545423,9935364.7276085
90.26111545423,9935364.7276085
90.34775545423,9935364.7276085
90.43439545423,9935364.7276085
90.52103545423,9935364.7276085
90.60767545423,9935364.7276085
90.69431545423,9935364.7276085
90.78095545423,9935364.7276085
90.86672905423,10035721.947079
90.95336905423,9935364.7276085
91.04000905423,9935364.7276085
91.12664905423,9935364.7276085
91.21328905423,9935364.7276085
91.29992905423,9935364.7276085
91.38656905423,9935364.7276085
91.47320905423,9935364.7276085
91.55984905423,9935364.7276085
91.64648905423,9935364.7276085
91.73312905423,9935364.7276085
91.81976905423,9935364.7276085
91.90640905423,9935364.7276085
91.99304905423,9935364.7276085
92.082145561786,9661433.6926614
92.173276561682,9445742.9522595
92.264180745741,9469311.1093909
92.350494420626,9972927.2464286
92.437134420626,9935364.7276085
92.523774420626,9935364.7276085
92.609548020626,10035721.947079
92.696188020626,9935364.7276085
92.782828020626,9935364.7276085
92.869468020626,9935364.7276085
92.960703645812,9434910.9598921
93.059825906733,8684224.8350858
93.158939872262,8684951.6655464
93.253542150514,9099146.6157614
93.34431669669,9482834.5198336
93.435091242866,9482834.5198336
93.526382607314,9429150.3386426
93.61715715349,9482834.5198336
93.707931699666,9482834.5198336
93.799223064114,9429150.3386426
93.88999761029,9482834.5198336
93.980772156466,9482834.5198336
94.072063520914,9429150.3386426
94.16283806709,9482834.5198336
94.253612613266,9482834.5198336
94.341970304626,9742219.2312925
94.428610304626,9935364.7276085
94.515250304626,9935364.7276085
94.601890304626,9935364.7276085
94.688530304626,9935364.7276085
94.775170304626,9935364.7276085
94.861810304626,9935364.7276085
94.948450304626,9935364.7276085
95.035090304626,9935364.7276085
95.121730304626,9935364.7276085
95.208370304626,9935364.7276085
95.295010304626,9935364.7276085
95.381650304626,9935364.7276085
95.467423904626,10035721.947079
95.554063904626,9935364.7276085
95.640703904626,9935364.7276085
95.727343904626,9935364.7276085
95.813983904626,9935364.7276085
95.900623904626,9935364.7276085
95.987263904626,9935364.7276085
96.073903904626,9935364.7276085
96.160543904626,9935364.7276085
96.247183904626,9935364.7276085
96.333823904626,9935364.7276085
96.420463904626,9935364.7276085
96.507103904626,9935364.7276085
96.593743904626,9935364.7276085
96.682862122469,9659080.0493394
96.774051061589,9439741.3579648
96.864891717995,9475933.2886452
96.951193664882,9974282.5167907
97.037833664882,9935364.7276085
97.124473664882,9935364.7276085
97.210247264882,10035721.947079
97.296887264882,9935364.7276085
97.383527264882,9935364.7276085
97.470167264882,9935364.7276085
97.561461210262,9428883.7711748
97.660567921331,8685587.3907539
97.759668280739,8686144.0780053
97.85424139477,9101952.5878977
97.945015940946,9482834.5198336
98.035790487122,9482834.5198336
98.12708185157,9429150.3386426
98.217856397746,9482834.5198336
98.308630943922,9482834.5198336
98.39992230837,9429150.3386426
98.490696854546,9482834.5198336
98.581471400722,9482834.5198336
98.67276276517,9429150.3386426
98.763537311346,9482834.5198336
98.854311857522,9482834.5198336
98.942669548882,9742219.2312925
99.029309548882,9935364.7276085
99.115949548882,9935364.7276085
99.202589548882,9935364.7276085
99.289229548882,9935364.7276085
99.375869548882,9935364.7276085
99.462509548882,9935364.7276085
99.549149548882,9935364.7276085
99.635789548882,9935364.7276085
99.722429548882,9935364.7276085
99.809069548882,9935364.7276085
99.895709548882,9935364.7276085
99.982349548882,9935364.7276085
100.068123148882,10035721.947079
100.154763148882,9935364.7276085
100.241403148882,9935364.7276085
100.328043148882,9935364.7276085
100.414683148882,9935364.7276085
100.501323148882,9935364.7276085
100.587963148882,9935364.7276085
100.674603148882,9935364.7276085
100.761243148882,9935364.7276085
100.847883148882,9935364.7276085
100.934523148882,9935364.7276085
101.021163148882,9935364.7276085
101.107803148882,9935364.7276085
101.194443148882,9935364.7276085
101.283895572814,9622992.4485262
101.374798200332,9469473.2539997
101.465435836198,9497158.5674699
101.551895163311,9956126.5249608
101.638535163311,9935364.7276085
101.725175163311,9935364.7276085
101.810948763311,10035721.947079
101.897588763311,9935364.7276085
101.984228763311,9935364.7276085
102.070868763311,9935364.7276085
102.162149303142,9430268.5062305
102.261249244266,8686180.7407425
102.360353149669,8685833.2827512
102.454942893199,9100352.404772
102.545717439375,9482834.5198336
102.637008803823,9429150.3386426
102.727783349999,9482834.5198336
102.818557896175,9482834.5198336
102.909849260623,9429150.3386426
103.000623806799,9482834.5198336
103.091398352975,9482834.5198336
103.182689717423,9429150.3386426
103.273464263599,9482834.5198336
103.364238809775,9482834.5198336
103.455530174223,9429150.3386426
103.543371047311,9799538.2985053
103.630011047311,9935364.7276085
103.716651047311,9935364.7276085
103.803291047311,9935364.7276085
103.889931047311,9935364.7276085
103.976571047311,9935364.7276085
104.063211047311,9935364.7276085
104.149851047311,9935364.7276085
104.236491047311,9935364.7276085
104.323131047311,9935364.7276085
104.409771047311,9935364.7276085
104.496411047311,9935364.7276085
104.583051047311,9935364.7276085
104.668824647311,10035721.947079
104.755464647311,9935364.7276085
104.842104647311,9935364.7276085
104.928744647311,9935364.7276085
105.015384647311,9935364.7276085
105.102024647311,9935364.7276085
105.188664647311,9935364.7276085
105.275304647311,9935364.7276085
105.361944647311,9935364.7276085
105.448584647311,9935364.7276085
105.535224647311,9935364.7276085
105.621864647311,9935364.7276085
105.708504647311,9935364.7276085
105.795144647311,9935364.7276085
105.884657261823,9616521.7013587
105.975472034152,9478634.12443
106.065765277569,9533382.2047413
106.152543944054,9919488.6815735
106.239183944054,9935364.7276085
106.325823944054,9935364.7276085
106.411597544054,10035721.947079
106.498237544054,9935364.7276085
106.584877544054,9935364.7276085
106.671517544054,9935364.7276085
106.762866617656,9423193.5372485
106.86196435206,8686374.1656364
106.961056856886,8686832.5864959
107.055591673942,9105639.8775288
107.146366220118,9482834.5198336
107.237657584566,9429150.3386426
107.328432130742,9482834.5198336
107.419206676918,9482834.5198336
107.510498041366,9429150.3386426
107.601272587542,9482834.5198336
107.692047133718,9482834.5198336
107.783338498166,9429150.3386426
107.874113044342,9482834.5198336
107.964887590518,9482834.5198336
108.056178954966,9429150.3386426
108.144019828054,9799538.2985053
108.230659828054,9935364.7276085
108.317299828054,9935364.7276085
108.403939828054,9935364.7276085
108.490579828054,9935364.7276085
108.577219828054,9935364.7276085
108.663859828054,9935364.7276085
108.750499828054,9935364.7276085
108.837139828054,9935364.7276085
108.923779828054,9935364.7276085
109.010419828054,9935364.7276085
109.097059828054,9935364.7276085
109.183699828054,9935364.7276085
109.269473428054,10035721.947079
109.356113428054,9935364.7276085
109.442753428054,9935364.7276085
109.529393428054,9935364.7276085
109.616033428054,9935364.7276085
109.702673428054,9935364.7276085
109.789313428054,9935364.7276085
109.875953428054,9935364.7276085
109.962593428054,9935364.7276085
110.049233428054,9935364.7276085
110.135873428054,9935364.7276085
110.222513428054,9935364.7276085
110.309153428054,9935364.7276085
110.395793428054,9935364.7276085
110.485372319571,9609406.696405
110.57620455277,9476812.0267847
110.666399375222,9543785.0710123
110.75323853199,9912578.9797766
110.83987853199,9935364.7276085
110.92651853199,9935364.7276085
111.01229213199,10035721.947079
111.09893213199,9935364.7276085
111.18557213199,9935364.7276085
111.27221213199,9935364.7276085
111.358858532118,9934630.8528498
111.458508299344,8638253.9965975
111.557609501748,8686070.1900551
111.654735807062,8862686.5524959
111.74602717151,9429150.3386426
111.836801717686,9482834.5198336
111.927576263862,9482834.5198336
112.01886762831,9429150.3386426
112.109642174486,9482834.5198336
112.200416720662,9482834.5198336
112.29170808511,9429150.3386426
112.382482631286,9482834.5198336
112.473257177462,9482834.5198336
112.56454854191,9429150.3386426
112.655323088086,9482834.5198336
112.74471441599,9629569.4468756
112.83135441599,9935364.7276085
112.91799441599,9935364.7276085
113.00463441599,9935364.7276085
113.09127441599,9935364.7276085
113.17791441599,9935364.7276085
113.26455441599,9935364.7276085
113.35119441599,9935364.7276085
113.43783441599,9935364.7276085
113.52447441599,9935364.7276085
113.61111441599,9935364.7276085
113.69775441599,9935364.7276085
113.78439441599,9935364.7276085
113.87016801599,10035721.947079
113.95680801599,9935364.7276085
114.04344801599,9935364.7276085
114.13008801599,9935364.7276085
114.21672801599,9935364.7276085
114.30336801599,9935364.7276085
114.39000801599,9935364.7276085
114.47664801599,9935364.7276085
114.56328801599,9935364.7276085
114.64992801599,9935364.7276085
114.73656801599,9935364.7276085
114.82320801599,9935364.7276085
114.90984801599,9935364.7276085
114.99648801599,9935364.7276085
115.083134416118,9934630.8528498
115.175305912875,9339112.7440341
115.26652881534,9436226.8327328
115.353913854959,9850656.4024357
115.440553854959,9935364.7276085
115.527193854959,9935364.7276085
115.612967454959,10035721.947079
115.699607454959,9935364.7276085
115.786247454959,9935364.7276085
115.872887454959,9935364.7276085
115.959533855087,9934630.8528498
116.059146906335,8641437.9362492
116.159438183855,8582999.6514736
116.255411130031,8969194.2812865
116.346702494479,9429150.3386426
116.437477040655,9482834.5198336
116.528251586831,9482834.5198336
116.619542951279,9429150.3386426
116.710317497455,9482834.5198336
116.801092043631,9482834.5198336
116.892383408079,9429150.3386426
116.983157954255,9482834.5198336
117.073932500431,9482834.5198336
117.165223864879,9429150.3386426
117.255998411055,9482834.5198336
117.345389738959,9629569.4468756
117.432029738959,9935364.7276085
117.518669738959,9935364.7276085
117.605309738959,9935364.7276085
117.691949738959,9935364.7276085
117.778589738959,9935364.7276085
117.865229738959,9935364.7276085
117.951869738959,9935364.7276085
118.038509738959,9935364.7276085
118.125149738959,9935364.7276085
118.211789738959,9935364.7276085
118.298429738959,9935364.7276085
118.385069738959,9935364.7276085
118.470843338959,10035721.947079
